epoch,train_loss,valid_loss,accuracy,time
0,0.322508,0.416,0.817481,01:16
1,0.285051,0.331201,0.861183,01:16
2,0.240498,0.296076,0.892031,01:15
3,0.204673,0.296773,0.894602,01:16
4,0.176812,0.2886,0.907455,01:17